"","avg_price","coral_cover","dist_to_reef","dive_site","beach_width","near_dist_beach","dist_to_access_points","class","rating","num_reviews","number_rooms","air_trans","bar","beachfront","biz_center","breakfast","concierge","conference","free_parking","gym","laundry","mtg_rooms","multilingual","no_smoke","wheelchair","wifi","dist_to_airport"
"1",761,77791886.56,1651.496349,"0",15.02361471,1682.253015,1897.211353,4,4.5,3109,100,"0","1","0","0","0","1","1","0","1","0","1","1","1","1","1",172639.5473
"2",697,82829476.93,1586.588173,"0",9.07712733,1555.968957,1623.571553,4,4.5,1909,96,"0","1","0","1","0","1","0","0","1","1","0","1","0","1","1",172502.8765
"3",720,86685917.27,1257.834752,"0",15.79760133,1270.536365,1612.557328,3.5,4,367,66,"0","0","0","0","0","1","0","0","0","1","0","1","0","1","1",172248.698
"4",683,83552775.1,179.6769063,"0",0,115.4744498,185.0629346,4,5,2093,34,"0","0","0","0","0","1","0","1","0","1","0","1","1","1","1",170995.7055
"5",580,83547641.71,173.6258765,"0",23.49263815,77.04288153,235.2209359,4,3.5,4232,150,"0","1","1","1","0","1","1","0","1","1","1","1","1","1","1",170969.6806
"6",602.5,84219382.1,42.19049831,"0",0,32.69059588,50.43860716,3,4.5,960,18,"0","0","0","0","1","1","0","0","0","0","0","1","1","0","1",170915.9612
"7",628.5,81832086.78,302.2104575,"0",13.38592769,279.9918565,299.5573915,3.5,5,431,22,"0","1","0","1","0","1","0","1","1","1","0","1","1","1","1",171197.1802
"8",550.5,85577815.59,100.1503504,"0",33.3249312,55.3243926,366.6629227,4,4,8079,311,"0","1","1","1","0","1","1","0","1","1","1","1","1","1","0",170898.376
"9",585,74647230.32,1873.02711,"0",8.74912066,1821.167652,1935.619376,4,4.5,2734,120,"0","1","1","1","0","1","1","0","1","0","1","1","1","1","1",172765.8416
"10",514,80981008.71,201.5479686,"0",0,1762.087343,2671.626414,3.5,4.5,3100,213,"1","1","0","1","0","1","1","0","1","1","1","1","1","1","1",172671.5586
"11",499,83380290.03,160.7504423,"0",13.76753492,1596.045106,1614.916185,4,4.5,4545,148,"0","1","0","1","0","1","0","0","1","0","0","1","1","1","1",172500.8208
"12",494.5,110967442.1,229.4794204,"0",0,2125.516423,4188.348697,4,4.5,1373,175,"0","1","0","0","0","1","0","0","0","0","0","0","1","1","0",171403.5677
"13",540,76805362.4,894.2864073,"0",8.245357305,864.8592657,944.238071,4,5,1999,20,"0","1","0","0","1","1","0","0","0","1","0","1","1","0","1",171810.3262
"14",461.5,81017431.13,290.974313,"0",0,1645.83499,2508.089504,3.5,4,952,141,"0","1","0","1","0","1","0","1","1","1","1","0","1","1","1",172545.3272
"15",519,77830057.13,1830.581375,"0",9.30053945,1784.924142,1888.220862,3,4,558,20,"0","1","1","0","0","1","0","1","1","1","0","0","1","1","1",172730.9539
"16",487.5,82260730.23,361.302043,"0",20.47030639,332.5442288,410.3496916,3,4.5,438,5,"0","0","0","0","0","0","0","1","0","1","0","0","1","0","1",171121.6039
"17",513.5,83151142.84,178.7405938,"0",11.83877294,162.7171001,176.0417976,4,4.5,7111,261,"0","1","1","1","0","1","1","0","1","1","1","1","1","1","1",171073.8331
"18",455,80560835.24,348.685727,"0",0.959251225,331.5558216,412.0831877,2.5,4.5,852,21,"0","0","0","0","0","0","0","1","0","0","0","1","1","0","1",171264.7691
"19",510,86696533.26,1276.099964,"0",2.15402527,1230.811907,1396.120204,3.5,4.5,643,36,"0","1","0","0","0","1","0","0","0","1","0","1","1","1","1",172168.8859
"20",471.5,90878631.72,1311.45966,"0",1.76959635,1295.229824,1316.575106,3,4.5,354,9,"0","0","0","0","1","0","0","0","0","0","0","0","1","0","1",172214.4199
"21",541.5,75111326.36,1769.982579,"0",1.70928965,1785.958648,1939.755207,4,4.5,2681,142,"0","1","1","0","0","1","1","0","1","1","1","1","1","1","1",172721.2309
"22",440,82824183.69,50.90072115,"0",5.57217288,2110.54238,2239.191125,3.5,4.5,262,106,"0","1","0","1","0","1","0","1","1","1","0","0","0","0","1",172880.108
"23",461,114488343.3,633.9847774,"0",0,1373.852008,3279.838521,4,4.5,673,100,"0","1","0","1","0","1","0","1","1","1","1","1","1","1","1",171776.0433
"24",470.5,96535336.23,205.770597,"0",32.43195225,109.8639171,407.2975341,3.5,4,2652,184,"1","1","0","1","0","1","1","0","1","1","1","1","1","1","1",171011.4911
"25",467.5,82959437.87,64.89152664,"0",4.45306299,2116.885106,2290.603475,3.5,4.5,9,64,"0","0","0","0","0","0","0","1","0","0","0","1","1","1","1",172848.9222
"26",471,80647998.14,202.2071921,"0",2.845301659,171.0063951,338.8767209,3.5,4.5,202,5,"1","0","0","0","0","0","0","1","0","0","0","0","1","0","1",171111.3585
"27",476,81590724.75,745.9188078,"0",1.184591631,730.1175814,766.4699477,3.5,4.5,1693,18,"0","0","0","0","1","0","0","0","0","0","0","1","1","0","1",171656.273
"28",475.5,74482788.92,475.0059959,"0",5.774110072,447.8938477,549.1550159,3.5,5,2407,24,"0","1","0","0","1","0","0","0","0","0","0","1","1","1","1",171390.4704
"29",508.5,81068786.9,58.46493733,"0",0,1766.103258,2785.590183,3.5,4.5,680,74,"0","1","1","0","0","1","0","1","0","1","0","1","1","1","1",172677.6935
"30",500.5,81653727.35,523.4636137,"0",1.357131787,507.8985279,555.4717438,3.5,5,1894,22,"0","1","0","0","1","1","0","0","0","0","0","1","1","1","1",171435.6003
"31",512.5,95834418.81,146.524813,"0",4.414970527,105.4531653,1712.553422,3.5,4.5,828,93,"0","1","0","1","0","1","0","1","0","1","0","1","1","1","1",170763.3965
"32",446.5,79339373.14,1055.822988,"0",8.3686684,1003.907727,1163.949215,3,4.5,1785,25,"0","0","0","0","1","0","0","0","0","0","0","1","0","0","1",171947.7502
"33",402.5,96287078.9,145.1935559,"0",4.825288994,85.90499628,1910.339036,2.5,4,2096,100,"1","1","0","1","1","0","0","1","0","1","0","1","1","1","1",170848.7066
"34",409.5,81885990.82,255.3389441,"0",6.150872319,204.345382,257.0008663,3.5,4.5,2722,61,"0","0","0","0","1","0","0","1","0","0","0","1","1","1","1",171112.5888
"35",422,87462978.99,1617.996498,"0",9.38994982,1582.63179,1616.023333,3,4,759,38,"0","0","0","0","1","0","0","0","0","0","0","1","1","0","1",172493.2532
"36",455,86745805.38,1487.14146,"0",10.21637551,1443.324709,1546.831835,3,4.5,569,22,"0","0","0","0","1","0","0","0","0","0","0","0","1","0","1",172390.9556
"37",425,81529922.29,729.4374128,"0",9.747171655,693.9166752,727.6225409,2.5,4.5,1466,37,"0","0","0","0","1","0","0","0","0","0","0","1","1","0","1",171612.5221
"38",516,90384132.67,150.7090038,"0",2.454674014,105.8287215,630.9032684,3,4,161,48,"0","0","1","0","0","0","0","1","0","0","0","0","1","1","1",170992.2738
"39",445,86199618.26,1191.022786,"0",9.47072566,1156.548185,1241.690943,3.5,5,1130,27,"0","0","0","0","0","1","0","1","0","1","0","1","1","1","1",172104.8295
"40",455.5,87678390.83,1049.899613,"0",13.18760821,1033.949774,1397.220041,3.5,4.5,238,8,"0","0","0","0","1","0","0","1","0","0","0","1","1","0","1",171995.372
"41",427,74605889.33,584.9950857,"0",9.941314835,524.1156665,699.6787702,3.5,4,1091,40,"0","1","0","0","1","0","0","0","0","0","0","1","1","0","1",171471.1564
"42",418,74406617.6,585.4720212,"0",9.533036679,546.1842503,669.039353,3.5,5,583,7,"0","0","0","0","1","0","0","1","0","0","0","1","1","0","1",171494.5654
"43",398.5,81095827.61,345.5209567,"0",0,1490.182887,2435.510424,3.5,4,746,133,"0","1","0","1","1","1","0","0","1","1","1","1","1","1","1",172392.4764
"44",383.5,83612010.39,62.80708899,"0",1.00782879,1892.162489,2547.392239,4,4,960,145,"0","1","0","1","0","1","0","1","1","0","1","1","1","1","0",172768.4325
"45",391.5,74405610.62,595.1734882,"0",5.176222487,570.121114,654.103859,3,3.5,726,26,"0","0","0","0","1","0","0","1","0","0","0","1","0","0","0",171511.6106
"46",373,74400017.92,620.1003469,"0",8.798761789,586.411772,691.7928594,2,4,185,8,"0","0","0","0","1","0","0","0","0","0","0","0","1","0","1",171533.4138
"47",397,81618019.51,698.0012296,"0",10.44322118,665.2843387,695.9222215,2.5,4,948,48,"0","0","0","0","1","0","0","0","0","0","0","1","1","0","1",171586.5976
"48",378,74525800.98,710.6165012,"0",8.93063219,677.0713205,776.3331339,3,4,695,28,"0","0","0","0","1","1","0","0","0","0","0","1","1","0","1",171624.3123
"49",381,81103364.31,99.70110464,"0",0,88.5196836,94.1359481,4,4.5,514,10,"0","0","0","0","1","0","0","1","0","0","0","0","1","0","1",170974.4122
"50",391,87510943.36,1538.831596,"0",13.66801962,1492.154271,1537.62715,3.5,5,1172,17,"0","1","0","0","1","1","0","0","0","0","0","1","1","0","1",172382.8786
"51",376.5,80920800.39,145.3142504,"0",0,1791.078196,2500.132438,4,4,1393,100,"0","1","0","0","0","1","0","1","1","1","0","1","1","1","1",172671.8502
"52",386,81741987.91,793.1541152,"0",0.861481033,776.4670699,818.7901435,2.5,4.5,647,22,"0","0","0","0","1","0","0","0","0","0","0","0","1","0","1",171706.1031
"53",372.5,83142776.41,247.9926858,"0",13.52145161,230.1365009,245.1216007,2.5,4,1199,38,"0","1","0","0","1","0","0","0","1","0","0","1","0","1","1",171143.0978
"54",351,90960048.7,1395.582383,"0",11.20831566,1368.02918,1392.886708,2.5,4.5,1752,35,"0","0","0","0","1","1","0","0","0","0","0","1","0","1","1",172290.039
"55",375,86993354.06,468.7993163,"0",23.60589728,1265.392057,1386.093944,3,4,1775,106,"0","1","0","1","1","1","0","1","1","1","0","1","1","1","1",172158.4713
"56",386,81620823.71,762.859368,"0",19.03979752,703.4608247,762.9597797,3.5,4.5,1919,50,"0","0","0","0","1","0","0","1","0","0","0","1","1","1","1",171599.4306
"57",412,82597501.3,1662.010848,"0",7.34058364,1635.830552,1689.743215,3,4.5,36,6,"1","1","1","0","0","0","0","0","0","0","0","0","1","0","0",172578.4042
"58",374,86078842.11,1205.196346,"0",7.87652368,1177.638702,1242.797141,3.5,5,1559,20,"0","0","0","1","1","1","0","1","0","0","0","1","1","1","1",172121.8797
"59",357,74523387.73,699.7271652,"0",9.68306699,660.7944981,775.3304391,3.5,5,947,11,"0","0","0","0","1","0","0","0","0","0","0","0","1","0","1",171609.2893
"60",340.5,81722591.19,847.0765268,"0",1.018336699,830.8701879,867.0013996,2,4,449,17,"0","0","0","0","1","0","0","1","0","0","0","0","1","0","1",171757.9857
"61",345,84421212.02,1309.796722,"0",9.00636914,1255.140678,1384.108515,3,4.5,918,14,"0","0","0","0","1","1","0","0","0","0","0","1","1","0","1",172200.7909
"62",365,83294692.76,12.25379049,"0",14.32485576,1804.214263,1807.312275,3,4,723,68,"0","1","0","1","0","1","0","1","1","1","1","1","1","1","1",172702.83
"63",355.5,86055152.03,1382.191934,"0",0.84969422,1365.708739,1393.328213,3,4.5,1215,24,"0","0","0","0","0","0","0","0","0","1","0","0","0","0","1",172290.2428
"64",339,87475806.84,1484.157003,"0",9.32295974,1448.404986,1482.233425,3.5,4.5,2077,35,"0","0","0","0","0","1","0","1","0","1","0","1","1","0","1",172359.0775
"65",324.5,84402967.08,1330.142064,"0",8.42783815,1278.975178,1420.994639,2.5,4.5,759,6,"0","0","0","0","0","1","0","0","0","0","0","0","1","0","1",172222.6607
"66",358.5,74396703.18,616.4530736,"0",9.358744145,578.81918,695.0329841,3,4.5,572,7,"0","0","0","0","1","0","0","0","0","1","0","1","1","0","1",171527.0017
"67",394.5,85448709.02,163.4967869,"0",13.22164391,50.77567301,380.8635613,3.5,4,224,32,"0","0","1","0","0","0","0","1","0","0","0","0","1","0","1",170924.208
"68",344,76842364.88,901.1369863,"0",9.620460924,864.2464553,964.2141218,3,4.5,778,17,"0","1","0","0","1","0","0","0","0","0","0","0","1","0","1",171812.7105
"69",332,83078331.66,323.0204704,"0",0,312.5590388,346.7361095,2.5,4.5,596,15,"0","1","0","0","1","0","0","0","0","0","0","0","0","1","1",171225.6025
"70",344.5,78707709.27,1023.653146,"0",10.1100768,975.836971,1098.651947,2.5,4,771,32,"0","1","0","0","1","0","0","0","0","0","0","1","1","0","1",171923.4441
"71",313,85669654.68,1155.770604,"0",14.2231368,1111.472422,1226.165109,3,4,672,32,"0","0","0","0","1","0","0","0","0","0","0","1","1","0","1",171963.2403
"72",312,83166323.16,146.5500663,"0",1.060384386,140.1504978,142.4849882,4,4.5,1245,19,"0","0","0","0","0","0","0","0","0","0","0","0","1","0","1",171037.1207
"73",322.5,87468801.44,1488.702867,"0",10.7431124,1459.059974,1486.18845,3.5,4,635,26,"0","0","0","0","1","0","0","0","0","0","0","1","1","0","1",172380.8577
"74",307.5,81626502.94,559.8553648,"0",0,542.977599,599.0064178,3,4.5,184,4,"0","1","0","0","0","1","0","0","1","1","0","1","1","1","1",171474.6198
"75",332,91185971.55,422.6719945,"0",1.912915346,714.8120973,1947.147082,3.5,4,4106,216,"1","1","0","1","0","1","1","1","1","1","1","1","1","1","1",171575.9967
"76",290,81119465.78,1116.907761,"0",9.68378951,1080.63425,1172.560024,3.5,4,525,23,"0","0","0","0","1","0","0","0","0","0","0","1","1","0","0",172029.145
"77",301,79272356.85,467.200325,"0",0.994564376,447.237374,530.6610022,3.5,4.5,617,12,"0","0","0","0","1","0","0","0","0","0","0","0","1","0","1",171383.88
"78",309.5,81581239.94,798.7294415,"0",7.662939544,756.0463013,798.0258983,2.5,4,266,9,"0","0","0","0","1","0","0","1","0","0","0","1","1","0","1",171655.7154
"79",281,87475843.02,1560.740151,"0",9.06669087,1524.039377,1558.907321,3,4.5,544,16,"0","0","0","0","1","1","0","0","0","0","0","1","1","0","1",172430.4823
"80",313,76639492.19,930.598339,"0",8.292066858,878.4540753,1050.588692,3,5,674,14,"0","0","0","0","1","1","0","0","0","0","0","0","1","0","1",171822.2107
"81",298.5,81632759.71,672.5950479,"0",12.65921959,650.7406127,669.5544643,3,4.5,1216,27,"0","0","0","0","1","0","0","1","0","0","0","0","1","1","1",171567.321
"82",287,74562826.11,776.3608984,"0",9.841625108,734.2611181,852.9457052,2.5,4,252,14,"0","1","0","1","1","0","0","0","1","1","0","0","1","0","1",171682.9689
"83",328.5,86880023.35,1285.937949,"0",10.35356277,1243.286937,1347.363138,3.5,5,1110,7,"0","0","0","0","1","0","0","0","0","0","0","1","1","0","1",172191.7286
"84",279,79328159.5,1106.951214,"0",6.32265065,1058.171806,1223.830764,3.5,4.5,874,13,"0","0","0","0","1","0","0","0","0","0","0","0","1","0","1",171999.8408
"85",309,78315741.9,1579.476303,"0",1.63698679,1542.928618,1706.742817,2,3.5,178,6,"0","1","0","0","0","0","0","0","0","0","0","0","1","0","1",172478.7326
"86",328,81904695.57,350.8456385,"0",14.16258646,239.5727784,410.0682423,2.5,4.5,480,12,"0","0","0","0","1","0","0","1","0","0","0","0","1","1","1",171125.4706
"87",301.5,87459954.91,1533.575071,"0",9.93737748,1500.409503,1531.390565,3,4.5,607,8,"0","0","0","0","1","0","0","1","0","0","0","0","1","0","1",172417.5494
"88",272,82159333.85,14.39476867,"0",2.49123307,1815.76257,1827.665377,2.5,3.5,1349,78,"0","1","1","0","0","0","0","1","0","0","0","1","1","1","1",172707.3579
"89",374.5,86691748.77,1275.319451,"0",1.70468338,1230.3449,1412.20005,3,4.5,458,38,"0","1","0","0","0","0","0","0","0","1","0","1","1","0","1",172166.9516
"90",284,86220308.81,1410.856401,"0",8.52240574,1382.186013,1446.688723,3,3.5,344,10,"0","0","0","0","1","0","0","0","0","0","0","0","1","0","1",172327.4988
"91",294,87506240.46,1460.766447,"0",9.04251787,1423.880553,1458.960886,3.5,4.5,974,9,"0","0","0","0","1","0","0","0","0","0","0","0","1","0","1",172330.933
"92",282,81889408.2,210.1914325,"0",6.626071973,159.040102,212.0986034,2,4.5,1141,32,"0","0","0","0","1","0","0","1","0","1","0","0","1","0","1",171071.4917
"93",311,81723143.8,696.2906635,"0",12.0139791,648.9084423,794.2956209,2.5,4.5,866,10,"0","0","0","0","1","0","0","1","0","0","0","0","1","0","1",171508.6268
"94",266.5,81579608.22,877.2958698,"0",20.14947179,809.3343431,877.5026626,3.5,4.5,570,10,"0","0","0","0","1","0","0","1","0","0","0","1","1","0","1",171701.1467
"95",334.5,81625818.37,663.6766619,"0",11.97374013,638.0619016,660.9603148,3.5,5,608,9,"0","0","0","0","1","0","0","0","0","0","0","0","1","0","1",171558.5878
"96",249.5,83156663.07,167.1503673,"0",10.8057766,125.8578404,167.6184043,2,4,1295,54,"0","0","0","0","1","0","0","1","0","1","0","0","1","1","1",171047.7492
"97",209.5,81920234.17,310.9953641,"0",12.20842691,239.3197492,462.0960092,1.5,3,342,14,"0","0","0","0","0","0","0","1","0","0","0","0","0","0","1",171110.3406
"98",226.5,81841610.51,355.3837027,"0",0.602697946,342.9708082,385.6564762,3,5,618,7,"0","1","0","0","1","0","0","1","0","0","0","1","1","1","1",171262.4274
"99",222,82331347.91,230.9197726,"0",15.60747345,184.6668693,489.2032649,2,3.5,660,30,"0","0","0","0","0","0","0","1","0","0","0","0","1","0","1",171041.124
"100",269.5,85685240.76,1255.954459,"0",13.43417606,1211.629545,1318.891132,3,4.5,504,13,"0","0","0","0","1","0","0","1","0","0","0","0","1","0","1",172062.8119
"101",2425,54503074.22,608.1316585,"1",119.8861407,150.3317639,627.2980885,5,4.5,3226,375,"0","1","1","1","0","1","1","0","1","1","1","1","1","1","0",15037.04162
"102",1884,54832048.49,652.9575953,"1",56.45081882,168.2967131,221.8660393,5,4.5,4165,395,"1","1","1","1","0","1","1","0","1","1","1","1","1","1","0",15184.56573
"103",1547.5,54139462.68,1433.284442,"1",111.9034655,979.9341972,1075.413745,5,4,186,25,"0","0","0","0","0","0","0","0","0","1","0","1","1","0","1",14248.79005
"104",1398.5,63097949.69,537.6743692,"1",108.8782397,264.6533337,556.0000508,4,5,7,4,"0","0","1","0","1","0","0","0","0","0","0","0","0","0","1",14870.82466
"105",1391.5,54400818.94,679.1425207,"1",90.49583149,218.1757251,232.2626063,4,4.5,1253,133,"1","1","1","1","0","1","1","0","1","1","1","1","1","1","1",15071.2087
"106",1294.5,54900021.51,707.3027731,"1",34.62814463,189.8014584,353.5780697,5,4.5,4321,426,"0","1","1","1","0","1","1","0","1","1","1","1","1","1","1",15218.68836
"107",1307.5,63104108.18,457.2701416,"1",117.3453491,179.6643023,221.5180141,4,4,195,10,"0","1","1","0","0","1","1","0","0","0","1","1","1","1","1",14931.15492
"108",800.5,54469799.62,615.8976501,"1",113.917515,159.1103509,524.3916805,4.5,4,3015,194,"1","1","1","0","0","1","1","0","1","1","1","1","0","1","1",15044.27865
"109",712.5,63274610.7,506.0144277,"1",103.0796506,160.1073483,687.3527453,4.5,4.5,3135,130,"0","1","1","1","0","1","1","0","1","1","1","1","1","1","1",14990.29892
"110",580,63262711.3,591.0805824,"1",106.1449895,275.5761808,681.8654057,3,4,558,19,"1","0","0","0","0","0","0","0","0","0","0","1","1","0","1",14871.60409
"111",646,54457716.18,623.6260027,"1",111.0791151,169.4639249,477.0629383,4,4.5,2530,140,"0","1","1","1","0","1","1","0","1","1","1","1","0","1","1",15043.1903
"112",687,54504406.59,591.3119687,"1",99.64779494,134.1472637,794.4811403,4.5,4,8125,790,"0","1","1","1","0","1","1","0","1","1","1","1","1","1","1",15033.18036
"113",597.5,62069265.34,429.4354643,"1",87.32936487,173.893388,323.1453934,4,4,1878,58,"0","1","1","0","0","1","0","0","0","1","0","1","1","1","1",14895.86024
"114",621.5,52063677.06,576.543221,"1",80.6680479,109.2099369,160.9383522,4,4,2058,95,"0","0","1","1","0","1","1","0","1","1","1","1","1","1","0",14974.7998
"115",908,54345558.5,830.8495521,"1",113.3475011,374.1367778,624.7849525,4,4,19,5,"1","1","1","0","0","1","0","0","1","0","0","0","1","0","1",14832.81317
"116",531.5,61359712.71,677.432116,"1",117.3686314,392.9635946,483.904199,2.5,3.5,330,42,"0","0","0","0","0","1","0","0","0","0","0","1","1","1","0",14688.02227
"117",631,54500316.51,617.6237028,"1",117.5746001,159.2419518,577.7819786,4,4,2031,92,"0","1","1","0","0","1","1","0","1","1","1","1","1","1","1",15035.54466
"118",562.5,54446987.08,583.9485301,"1",111.5276578,123.6238611,294.9061717,3.5,3,37,10,"0","1","1","1","1","1","0","0","1","1","0","0","1","0","1",15121.38026
"119",544.5,54457716.18,626.5263979,"1",111.9191986,172.6611653,458.6374058,4.5,4.5,4178,186,"0","1","1","1","0","1","1","0","1","1","1","1","0","1","0",15042.81205
"120",551.5,63094786.51,426.3699596,"1",111.8694333,160.7768746,264.3834837,3,4,1102,60,"0","1","1","1","0","1","1","0","1","1","0","1","1","1","1",14954.79325
"121",525,63514168.3,610.3985503,"1",99.89505422,141.0313815,886.0037401,4.5,4,4069,393,"0","1","1","1","0","1","1","0","1","1","1","1","1","1","1",15019.13807
"122",471.5,54390343.8,773.4599239,"1",113.4413778,318.7271096,479.218158,3,3.5,473,44,"0","0","0","0","0","1","0","0","0","0","0","1","0","0","1",14911.1404
"123",550,54415116.27,649.6460701,"1",110.3193158,192.5138294,305.6563026,4.5,4.5,2542,250,"0","1","1","0","0","1","1","0","1","1","1","1","1","1","1",15060.97255
"124",536.5,54236583.04,750.6016819,"1",84.877854,286.9277188,290.0171505,4.5,4,584,58,"0","0","0","0","0","1","0","0","1","1","0","1","1","1","1",15011.38987
"125",521,61230791.49,667.2111358,"1",98.54181637,407.2617121,566.9736359,4,4.5,1997,85,"0","0","0","0","0","1","0","0","0","1","0","1","1","1","1",14663.42984
"126",502,54446987.08,583.9485301,"1",111.5276578,123.6238611,294.9061717,4.5,4.5,2408,200,"0","1","1","1","0","1","1","0","1","1","1","1","1","1","1",15121.38026
"127",523,52055549.44,529.1045697,"1",86.33623801,116.9185503,223.8956703,4,4.5,2935,224,"0","1","1","0","0","1","1","0","1","1","1","1","1","1","0",14960.47038
"128",457.5,63095052.17,531.0342973,"1",106.0877469,267.9449932,361.5119516,4,4.5,676,33,"0","0","0","0","0","1","0","0","0","1","0","1","1","1","1",14849.85909
"129",472,54501561.14,740.1447656,"1",100.2304385,282.057453,868.6917923,4,4,1129,105,"0","1","0","1","0","1","0","0","1","1","1","1","1","1","1",14883.32183
"130",479.5,63272560.02,578.4056055,"1",100.3729168,207.4206903,756.5704973,4,4.5,2223,52,"0","1","1","0","0","1","0","0","1","1","0","1","1","1","0",14946.21164
"131",432.5,61231572.96,1659.970295,"1",125.8289123,1363.821519,1347.141169,4.5,4.5,4792,215,"0","1","0","1","0","1","1","0","1","0","1","1","1","1","1",13734.91503
"132",444.5,54503366.51,713.4248198,"1",100.8873109,255.2517798,824.9733527,4,4.5,324,96,"0","1","0","0","0","1","0","0","1","1","0","1","1","1","1",14912.03453
"133",429.5,54232722,901.5052912,"1",82.94462063,436.4691182,435.1635551,4.5,4.5,673,109,"0","1","0","0","0","1","0","0","0","1","0","1","1","1","1",14871.62346
"134",422.5,54371950.94,726.6642542,"1",113.9451018,269.9326101,578.3622225,4.5,4,2029,87,"0","1","0","0","0","1","0","0","1","0","0","1","1","1","0",14933.74607
"135",440,52061239.68,649.4278092,"1",81.44260215,209.3423609,246.5077174,4,3.5,83,19,"0","1","0","1","0","1","0","0","0","1","1","1","1","1","1",14874.18988
"136",412.5,54436636.91,651.6339912,"1",115.9177146,193.0738844,573.430362,4,4,1849,152,"0","1","1","1","0","1","1","0","1","1","1","1","1","1","1",15004.92339
"137",395,54379471.64,615.2551211,"1",112.7926689,158.613793,226.0668292,4,4,3937,309,"0","1","1","1","0","1","1","0","1","1","1","1","0","1","1",15111.01121
"138",413.5,54397972.43,751.3623931,"1",113.6323553,296.8098947,469.7761576,4,4.5,1522,69,"1","1","0","0","0","0","0","0","0","1","0","1","1","1","1",14931.31019
"139",373.5,63270433.22,482.2410737,"1",107.7590651,161.7041648,632.6319711,3,4,589,25,"0","0","1","0","0","1","0","0","0","0","0","1","1","1","0",14983.88001
"140",403.5,62304569.71,452.2080515,"1",110.9654286,175.1803995,410.0269348,4,4,2764,75,"0","1","1","0","1","1","0","0","0","1","0","1","1","1","1",14901.30242
"141",369,62062503.64,483.9181072,"1",98.79707706,223.8704485,458.9678384,4,4,1027,42,"0","0","0","0","0","1","0","0","0","1","0","1","1","1","1",14846.85738
"142",368.5,54351972.99,801.4623187,"1",112.4780989,342.9187355,452.7689994,3.5,4.5,2843,98,"0","1","0","0","0","1","0","0","0","1","0","1","1","1","1",14900.60929
"143",341,63095852.31,422.250667,"1",106.071792,162.300056,334.212644,3.5,3.5,595,27,"0","1","1","0","0","0","0","0","0","0","0","1","1","0","1",14957.79374
"144",394.5,54340912.89,836.0325206,"1",115.4080904,378.1869346,654.4698851,3.5,4.5,231,24,"0","1","0","0","1","1","0","0","1","1","0","0","1","1","1",14823.44782
"145",363,54433691.24,624.2239552,"1",112.2031655,171.2580996,416.7761752,3.5,4,672,112,"0","1","1","0","0","1","1","0","0","1","1","1","1","1","1",15052.18178
"146",371.5,63086349.64,497.2551057,"1",116.9923334,218.9629422,247.735563,4,4.5,2633,108,"0","1","0","0","0","1","0","0","0","1","0","1","1","1","0",14891.22512
"147",350.5,63272560.02,566.1201857,"1",101.0026212,214.1568161,724.5793927,3,5,7,40,"0","0","1","0","0","1","0","0","0","0","1","1","1","1","0",14938.18761
"148",359.5,62919636.14,804.9489483,"1",100.374444,417.6887634,906.134398,3,3.5,80,90,"0","0","0","1","0","1","1","0","1","1","1","1","1","1","1",14739.79425
"149",373,63114725.08,492.6862499,"1",126.3066034,170.3936218,153.5151215,3.5,4,1503,60,"0","1","0","0","0","1","0","0","0","0","0","1","1","1","1",14933.53222
"150",347.5,54433691.24,741.7740512,"1",111.9891702,285.721803,559.9893668,2.5,4.5,711,69,"0","1","0","1","1","1","0","0","0","0","0","1","1","1","1",14923.06098
"151",376.5,61634558.73,611.247533,"1",125.3831231,274.6922668,264.6093177,4,4,1829,75,"0","1","0","0","0","1","0","0","0","1","0","1","1","1","1",14822.28995
"152",356,54813583.57,812.7475516,"1",30.20883874,293.3804975,436.176342,4,4,1346,235,"0","1","0","1","0","1","1","0","1","1","1","1","1","1","1",15130.31183
"153",355,54364937.83,732.3848546,"1",115.9122173,274.0529303,610.4709427,4,4,409,75,"0","0","0","0","0","1","0","0","0","0","0","1","1","0","1",14924.4509
"154",348,54231721.44,801.5164929,"1",84.70201236,338.271126,340.6358454,3,3.5,601,38,"0","0","0","0","1","1","0","0","0","1","0","1","1","1","1",14961.35658
"155",342.5,63085707.65,535.8615578,"1",119.5301009,263.7256997,299.602468,4,4,940,54,"0","1","0","0","0","1","0","0","0","1","0","1","1","1","1",14848.08158
"156",369,63092092.26,418.8037504,"1",107.7693361,159.4218775,374.6212789,4,4.5,709,35,"0","1","1","0","1","1","0","0","1","1","0","1","1","1","1",14963.9747
"157",337.5,63095523.98,651.511006,"1",107.9221506,388.1766849,578.3721235,3,4,190,32,"1","0","0","0","0","0","0","0","0","0","0","0","1","1","1",14743.30882
"158",329,62061481.22,479.8392903,"1",96.1601148,222.9599732,409.639384,3.5,4.5,653,11,"0","0","0","0","1","1","0","0","0","0","0","1","1","0","1",14844.80917
"159",315,54724217.24,955.0969343,"1",54.60806594,472.2752964,494.2113413,4,4,924,50,"0","1","0","0","0","1","0","0","0","1","0","1","1","1","1",14895.95939
"160",348,63266340.24,467.2497135,"1",110.4907378,172.9921557,579.218949,3,4.5,1755,49,"0","0","0","0","0","1","0","0","0","0","0","1","1","1","1",14967.66485
"161",336,61389464.77,506.2089473,"1",123.8919666,217.6004262,329.4935839,4,4.5,2022,73,"0","1","1","1","0","1","0","0","1","1","0","1","1","1","1",14865.74696
"162",324.5,54346841.53,859.4041691,"1",113.418017,404.1079361,530.3766357,3,4,735,43,"0","0","0","0","0","0","0","0","0","0","0","1","1","1","1",14830.62126
"163",314.5,62067481.46,431.2682952,"1",92.06069804,174.2058103,344.2288632,3,4,513,22,"0","0","1","0","0","1","0","0","0","0","0","1","1","1","1",14892.57816
"164",273,61274337.69,1575.998702,"1",110.7212705,1308.401126,1299.025281,3,4.5,86,7,"0","1","0","0","1","1","0","0","0","0","0","1","1","0","0",13804.99874
"165",300,60643595.64,671.9595138,"1",88.93079893,415.147459,482.9360615,3.5,3.5,376,48,"0","0","0","0","0","0","0","0","0","0","0","1","1","1","1",14652.85723
"166",301.5,63267910.85,578.9814091,"1",108.1506473,272.0662857,660.2946447,3,3.5,376,27,"0","0","0","0","0","0","0","0","0","0","0","1","1","0","1",14873.05915
"167",330.5,63114725.08,553.2595749,"1",125.6508093,227.5821039,208.1773262,3.5,4,2039,70,"0","1","1","0","1","1","0","0","0","1","0","1","1","1","1",14874.8646
"168",292.5,63263051.72,597.3465026,"1",104.9471447,277.2711328,692.6646637,2.5,3,172,20,"0","0","0","0","1","0","0","0","0","0","0","0","1","0","0",14870.88888
"169",314.5,61634558.73,523.8964571,"1",125.6896109,173.8197498,166.7585797,3.5,3.5,2000,99,"0","1","1","1","1","1","0","0","0","0","0","1","1","1","1",14923.20318
"170",287.5,63518109.22,689.1377518,"1",100.3635614,276.8569491,863.0883408,1.5,1.5,112,31,"0","0","0","0","0","1","0","0","0","0","0","0","1","0","0",14880.59611
"171",351,60647474.37,452.8886892,"1",83.78636568,191.2598567,200.0736749,3.5,4.5,667,18,"0","1","0","0","0","0","0","0","0","1","0","1","1","1","1",14881.89451
"172",312.5,63097205.33,427.0014038,"1",108.2097411,163.2813555,459.7591176,3.5,4,292,46,"0","0","1","0","0","0","0","0","0","0","0","1","1","0","1",14966.74329
"173",324.5,63095523.98,539.406713,"1",108.6187015,271.0092035,538.0085658,3.5,4.5,824,29,"0","0","0","0","1","1","0","0","0","1","0","1","0","0","1",14862.47644
"174",326.5,54431323.74,626.6075883,"1",113.4409939,172.5118262,407.960851,3.5,3.5,1698,112,"0","1","1","0","1","1","0","0","0","0","0","1","1","1","1",15052.0376
"175",341,53757038.6,1909.972638,"1",107.4813223,1478.134138,1648.647456,3,4,237,116,"0","0","0","1","1","0","0","0","1","1","1","1","1","1","1",13709.97453
"176",307,54431323.74,670.7817339,"1",113.4929153,216.0169729,417.4618907,3.5,3.5,1474,92,"0","1","1","0","0","1","0","0","1","0","0","1","1","0","1",15011.65939
"177",297.5,63219445.4,825.0822912,"1",100.8480034,506.9053892,840.7839514,2.5,4,422,22,"0","0","0","0","0","0","0","0","0","0","0","1","1","0","1",14645.84813
"178",317,63093407.36,534.2916706,"1",106.2267093,274.6609871,398.9208433,3.5,4.5,884,17,"0","0","0","0","0","1","0","0","0","1","0","1","1","1","1",14845.95243
"179",306.5,63268042.12,483.5376254,"1",109.7480858,169.4997075,622.3536462,3,3.5,1372,43,"0","1","1","0","0","0","0","0","0","0","0","1","1","0","1",14974.61565
"180",316,63131765.21,457.9153834,"1",117.7176022,159.5642982,165.5042898,4,3.5,1442,40,"0","1","1","0","0","1","0","0","0","0","0","1","1","1","1",14947.74847
"181",308.5,63114725.08,581.932167,"1",125.4071659,257.3037051,237.6732497,3.5,4,104,100,"0","1","0","0","0","0","0","0","0","0","0","0","0","1","1",14844.9456
"182",298,52055549.44,588.3424506,"1",85.42117532,185.5900377,265.5449417,2.5,3.5,383,26,"0","0","0","0","0","0","0","0","0","0","0","1","1","0","1",14891.4341
"183",315.5,54376025.9,756.3702328,"1",110.003233,299.7349611,369.7576111,2.5,3.5,196,34,"0","1","0","0","0","1","0","0","0","1","0","1","1","1","1",14960.57793
"184",304,60647474.37,452.0805992,"1",84.02352555,184.4111275,171.935491,4,4.5,1604,64,"0","1","1","0","0","0","0","0","1","1","0","1","1","1","1",14889.05603
"185",307.5,63074220.77,708.1287441,"1",116.5843848,425.2127383,418.3087854,4,4,804,181,"0","0","0","0","0","1","0","0","1","1","0","1","1","1","1",14682.71095
"186",293.5,61397924.66,465.7905776,"1",130.5116098,167.0534258,255.2786611,3.5,3.5,504,35,"0","0","1","0","0","0","0","0","0","0","0","1","1","1","1",14920.02968
"187",287,63105465.99,465.6453902,"1",117.2907895,196.4890078,263.6107781,3,3.5,994,60,"0","1","0","0","0","1","0","0","0","0","0","1","1","1","1",14916.92218
"188",295,63075028.17,546.0986391,"1",116.0548085,277.44267,322.4131907,3,3.5,755,36,"1","0","0","0","0","0","0","0","0","0","0","1","1","0","1",14835.99379
"189",302.5,61376369.28,628.6295548,"1",127.3385151,336.2414113,391.1284432,4,4,244,88,"0","0","0","0","0","1","1","0","0","1","0","1","1","0","1",14749.42893
"190",288,54233156.13,870.8111776,"1",95.95443882,413.2929951,431.6436596,4,4.5,4094,153,"0","1","0","0","0","1","0","0","0","1","0","1","1","1","1",14870.63282
"191",286,63268042.12,522.64077,"1",108.6957699,210.8781298,638.0045581,3,3.5,1640,64,"0","1","0","0","0","1","0","0","0","0","0","1","1","1","1",14933.84274
"192",287.5,54427687.16,787.3912598,"1",119.3206159,327.5881195,723.5358628,3.5,4,1027,100,"0","1","0","0","0","1","1","0","1","1","1","1","1","1","1",14856.5883
"193",294.5,60647474.37,572.7830208,"1",84.35969795,301.3950714,276.3963527,3,4,350,29,"0","0","0","1","1","0","0","0","0","0","0","1","1","1","1",14772.13376
"194",277.5,63095523.98,532.6123138,"1",107.6244181,267.88677,517.0830117,3,4,488,19,"0","0","0","0","0","0","0","0","0","0","0","1","1","0","1",14864.16356
"195",296.5,63219948.76,725.9160841,"1",100.9561909,396.0468734,787.4047624,3,4.5,617,71,"0","0","0","0","0","1","0","0","0","1","0","1","1","0","1",14756.64142
"196",330,54397972.43,788.0961655,"1",112.8348076,334.4990114,508.4547185,3,2.5,50,16,"0","0","0","1","0","1","0","0","0","0","0","0","0","0","1",14891.31647
"197",294.5,60639946.85,847.4252154,"1",83.80759837,586.2782851,568.6002127,3,4.5,801,71,"1","0","0","0","0","1","0","0","0","1","0","1","1","1","1",14486.871
"198",276.5,54376025.9,756.3702328,"1",110.003233,299.7349611,369.7576111,3,3.5,1473,96,"0","1","0","0","0","1","0","0","1","1","0","1","1","1","1",14960.57793
"199",286.5,54364334.39,803.1298793,"1",119.7437097,344.9208623,695.9952935,3.5,3.5,275,69,"0","0","0","0","0","0","0","0","0","0","0","1","1","1","1",14845.33435
"200",260.5,53616648.16,1967.00419,"1",100.2123515,1622.4271,1850.623831,3.5,4.5,613,25,"0","1","0","0","0","0","0","0","0","0","0","1","1","1","1",13545.22967
"201",280.5,60647474.37,673.2334856,"1",84.21554278,409.01954,389.4853593,4,4.5,637,13,"0","0","0","0","1","1","0","0","0","1","0","1","1","1","1",14664.10588
"202",274,63514168.3,711.975202,"1",100.3325751,280.0735725,895.9399229,3,3,180,45,"1","0","0","0","1","0","0","0","0","0","0","1","0","0","1",14878.89708
"203",285,61597146.83,476.3588819,"1",133.2208755,165.1357354,218.6674214,3.5,4.5,1228,44,"0","0","1","0","0","1","0","0","0","1","0","1","1","0","1",14924.68615
"204",286.5,61264891.79,1571.10631,"1",116.4100344,1297.981017,1281.924755,3.5,4,131,45,"0","0","0","0","0","1","0","0","0","1","0","1","1","1","1",13811.24125
"205",265.5,63267910.85,513.0481961,"1",111.8665033,215.5576321,606.7693014,3,3,306,22,"0","1","0","0","1","0","0","0","0","0","0","1","1","0","1",14926.09674
"206",263.5,61475760.56,455.3896646,"1",114.8854042,171.5901095,376.8215898,3,3.5,1256,48,"0","1","1","0","0","0","0","0","0","0","0","1","0","0","1",14906.88201
"207",259.5,54374380.81,682.0155919,"1",105.5332643,225.1340701,265.4388672,3,3.5,1146,69,"0","1","1","0","0","1","0","0","0","1","0","1","1","0","1",15050.89349
"208",266.5,54431323.74,752.2714632,"1",112.3500392,298.9124097,505.788796,3.5,3.5,5138,190,"1","1","0","0","0","1","0","0","0","1","0","1","1","1","1",14921.81348
"209",273,63092092.26,547.1957593,"1",106.0953847,288.3473911,423.1032724,2.5,4.5,1601,31,"0","1","0","0","0","1","0","0","0","1","0","1","1","1","1",14834.05477
"210",259,63187777,496.7592284,"1",110.7728009,210.3501133,574.0456474,3,3,563,55,"0","1","0","0","0","1","0","0","0","0","0","1","1","0","1",14928.43176
"211",266.5,54364334.39,854.4001796,"1",119.6185907,396.1931893,722.2537238,3,3.5,821,45,"1","0","0","0","1","0","0","0","0","0","0","1","1","0","1",14794.9173
"212",260.5,61384829.18,506.9758612,"1",133.8853271,202.4247979,257.7070648,3,4,3573,91,"0","1","0","0","0","1","0","0","0","0","0","1","1","0","1",14886.16256
"213",279.5,63131765.21,457.9153834,"1",117.7176022,159.5642982,165.5042898,3,3,35,19,"1","0","1","0","0","1","0","0","0","0","0","1","1","1","1",14947.74847
"214",271,63267910.85,510.3619206,"1",110.2803082,207.882504,616.0934746,2.5,4,491,17,"0","0","0","0","0","0","0","0","0","0","0","0","1","0","1",14935.34115
"215",270,62302823.3,452.4923935,"1",107.2287409,181.4512443,434.0855546,3.5,3.5,923,52,"1","1","1","1","0","1","0","0","0","0","0","1","1","0","1",14894.31305
"216",274,62059953.94,434.2254305,"1",94.3959417,177.3084201,365.4393699,3.5,3.5,94,40,"0","0","1","0","1","0","0","0","0","0","0","0","1","1","0",14889.32834
"217",248.5,54184439.91,1041.13732,"1",72.21145288,566.814091,565.1559279,3,4,253,80,"0","0","0","0","0","1","0","0","0","1","0","1","1","1","1",14762.98725
"218",245.5,61595769.16,725.1560483,"1",125.4864859,396.9752131,384.0181608,3,4,1733,42,"0","1","0","0","0","1","0","0","0","0","0","1","1","1","1",14700.2088
"219",247,54351972.99,785.2055867,"1",113.1081655,327.9589465,454.9181775,3,4,285,12,"0","0","0","0","0","0","0","0","0","0","0","0","1","0","1",14910.77273
"220",246,62061481.22,421.2270041,"1",96.4913997,163.8793371,392.7512321,3,4,150,54,"0","0","1","0","0","0","0","0","0","1","0","1","1","1","1",14904.36742
"221",242.5,60647474.37,612.3678909,"1",84.86713967,344.1224611,321.5047305,3,4,817,24,"0","0","0","0","1","0","0","0","0","0","0","1","1","0","1",14728.91063
"222",240,51929510.41,958.4048326,"1",89.79562585,644.3110459,636.9438573,3,4,41,10,"0","0","0","0","0","0","0","0","0","0","0","0","1","0","1",14431.28542
"223",240,61389464.77,570.311385,"1",124.8337919,280.6884597,363.5478872,3,4,1778,49,"1","1","0","0","0","1","0","0","0","0","0","1","1","1","1",14803.27994
"224",186.5,54364334.39,816.7694377,"1",118.1811671,358.8517038,686.3692275,2,4,280,20,"1","1","0","0","1","0","0","0","0","0","0","1","1","0","1",14834.74323
"225",244,54423869.27,772.8881173,"1",111.9375586,317.0037344,573.0430146,4,4,1028,36,"1","1","0","0","0","1","0","0","0","1","1","1","1","0","1",14892.77509
"226",232,62294193.13,440.2909105,"1",103.4115067,175.2465161,462.4457955,3,3,877,49,"0","1","1","0","0","0","0","0","0","0","0","1","1","0","1",14898.80292
"227",247.5,60650389.86,449.591448,"1",82.8287135,190.549591,236.3797542,3.5,3.5,972,81,"0","0","0","0","1","1","0","0","0","0","0","1","1","1","1",14883.03073
"228",219,54364937.83,823.0097398,"1",116.2484539,364.6567945,662.5570136,4,3.5,565,138,"0","0","0","0","0","0","0","1","0","1","0","1","1","1","1",14833.95743
"229",234,61332824.23,1146.091185,"1",125.7084822,834.9702264,818.9705649,3,4.5,535,10,"0","0","0","0","1","0","0","0","0","1","0","1","0","0","1",14262.99742
"230",220.5,61503383.46,457.7279575,"1",115.5523793,173.9121412,367.7464985,2,2,205,34,"0","1","1","0","0","0","0","0","0","0","0","0","1","0","0",14905.44398
"231",211,61383085.32,580.3841728,"1",131.5170149,281.2604989,327.2861666,2.5,3.5,1677,49,"0","1","0","0","0","1","0","0","0","0","0","1","1","0","1",14806.49418
"232",216,61595769.16,601.9567798,"1",126.9705615,278.432279,279.2946027,2.5,3.5,697,45,"0","0","0","0","1","0","0","0","0","0","0","1","0","0","1",14816.06643
"233",232,52035381.32,599.2019844,"1",91.83832528,247.5844261,273.532647,3.5,4.5,496,25,"0","1","0","0","1","0","0","0","0","0","0","1","1","1","1",14828.07786
"234",249,52296563.1,549.1622965,"1",87.45239278,243.8995765,224.4204272,3,3.5,32,17,"0","0","0","0","0","0","0","0","0","0","0","1","1","0","1",14830.35185
"235",188,62913733.26,742.5786258,"1",100.3077141,293.2727347,930.3107505,2,3.5,657,70,"0","0","0","0","0","0","0","0","0","0","0","1","1","1","0",14867.25394
"236",210,52032943.94,718.5046578,"1",82.65926841,311.8609632,350.2545754,3.5,3.5,124,44,"0","0","0","0","0","0","0","0","0","1","0","1","0","0","1",14769.42778
"237",199.5,63518109.22,681.7153531,"1",100.38646,275.9779252,852.144429,2.5,2,161,72,"0","1","0","0","0","0","0","0","0","0","0","0","1","0","1",14881.17891
"238",201.5,61505296.03,450.0221604,"1",117.7406714,165.6240259,352.9071345,2,3,574,50,"0","1","1","0","0","0","0","0","0","0","0","1","0","0","1",14913.9612
"239",191,60647474.37,614.6127404,"1",83.75860173,353.2513975,343.9339354,2.5,3,531,297,"0","0","0","1","0","0","0","0","0","0","0","1","1","0","1",14719.924
"240",188.5,54403364.28,616.9255342,"1",86.45521559,152.3941701,161.193493,2.5,3,1358,172,"0","1","1","0","0","1","0","0","0","0","0","1","1","1","1",15141.48575
"241",157,61383451.5,634.7883363,"1",132.6100369,328.8582783,348.524655,1.5,3,17,41,"0","0","0","0","0","0","0","0","0","0","0","0","0","0","0",14761.40382
"242",148.5,63104108.18,502.6931256,"1",116.7930579,211.9992586,218.2975472,1.5,4,143,41,"1","1","0","0","1","0","0","0","0","0","0","1","0","0","1",14895.61438
"243",170,63095523.98,478.9823817,"1",108.6731317,209.8266443,510.9256008,2,3.5,306,35,"0","0","1","0","0","1","0","0","0","0","0","1","1","1","1",14923.32153
"244",175,54433691.24,725.9533727,"1",111.5963803,271.6512724,522.0266489,3,3.5,84,52,"0","0","0","0","0","1","0","0","0","0","0","0","1","1","1",14942.53283
"245",159,61108326.91,1080.365327,"1",99.47600033,819.7510828,915.3998594,2,3,62,11,"0","0","0","0","1","0","0","0","0","0","0","0","1","0","1",14252.26843
"246",127.5,61389248.18,573.9362037,"1",125.9112099,283.0321541,357.5816671,3,4.5,723,58,"0","1","0","0","1","1","0","0","0","1","0","1","1","0","1",14801.91483
"247",169,54184439.91,1018.329742,"1",73.09778362,544.8225116,542.75967,4,4,1,125,"0","0","0","0","0","0","0","0","0","0","0","0","0","0","0",14782.82216
"248",95,61274337.69,1575.998702,"1",110.7212705,1308.401126,1299.025281,3,4,651,19,"0","1","0","0","1","0","0","0","0","1","0","1","0","0","0",13804.99874
"249",68,63097949.69,487.0306708,"1",108.6482808,213.5306882,532.5545087,2,4.5,333,24,"1","1","0","0","1","0","0","0","0","1","0","0","1","1","0",14921.65745
"250",1292,55033981.97,987.8581395,"1",84.18582107,111.6377803,445.7939611,5,4.5,1186,179,"1","1","1","0","0","1","0","0","1","1","1","1","1","1","1",15652.57088
"251",1182.5,54940487.56,966.1383828,"1",63.37923379,120.4656305,670.9217467,5,4.5,1932,294,"0","1","1","0","0","1","1","0","1","1","1","1","1","1","1",15555.53573
"252",685,54858105.32,708.8857211,"1",17.70198942,123.2104637,464.4632191,5,4.5,1627,74,"0","1","1","0","0","1","0","0","1","1","0","1","1","1","1",15333.20362
"253",580,56080532.55,879.3361704,"1",56.68037567,144.1399489,187.0302517,5,4.5,751,206,"0","1","1","1","0","1","1","0","1","1","1","1","1","1","1",15970.42668
"254",569,55904076.63,941.975111,"1",54.70969,119.0675112,442.7884777,4.5,4,15035,1504,"1","1","1","1","0","1","1","0","1","1","1","1","1","1","0",15910.14017
"255",492,54942762.91,954.7848548,"1",81.85274807,102.9060767,594.2800319,4,4.5,3395,251,"0","1","1","1","0","1","1","0","1","1","1","1","1","1","1",15600.62472
"256",495.5,56080532.55,879.3361704,"1",56.68037567,144.1399489,187.0302517,4.5,4.5,2669,415,"0","1","1","1","0","1","1","0","1","1","1","1","1","1","0",15970.42668
"257",459.5,55261997.89,934.1867262,"1",38.32198565,81.01496625,189.516435,4.5,4.5,4146,363,"0","1","1","1","0","1","1","0","1","1","1","1","1","1","0",15824.342
"258",478.5,55126082.17,970.3128872,"1",42.61208246,113.9739683,153.6591578,4,4.5,281,357,"0","1","1","0","0","1","1","0","1","1","1","1","1","1","0",15776.43241
"259",471.5,55999577.15,776.6930791,"1",27.9785889,139.068797,369.6215227,3,3,4,16,"0","0","1","0","0","1","0","0","1","1","0","1","1","1","1",16229.50427
"260",415.5,55083136.47,973.2065825,"1",54.30868901,109.017174,191.0998361,4,3.5,357,46,"0","0","1","0","0","1","0","0","0","1","0","1","1","1","0",15727.96453
"261",394.5,56125820.9,760.1912391,"1",37.76453621,118.0738834,419.7554007,4,4,6312,430,"0","1","1","1","0","1","1","0","1","1","1","1","0","1","1",16134.59134
"262",381.5,55078412.36,1064.146677,"1",73.24423929,196.8723959,308.8235179,4,4.5,462,40,"0","1","0","0","0","1","0","0","0","1","0","1","1","0","1",15621.41138
"263",387.5,54942762.91,970.293497,"1",84.03904931,111.6628561,539.1464043,4,3.5,2351,284,"0","1","1","0","0","1","1","0","1","1","1","1","0","1","1",15615.07371
"264",365.5,55999577.15,776.6930791,"1",27.9785889,139.068797,369.6215227,4,3,247,170,"0","0","1","0","0","1","0","0","1","0","0","1","1","1","0",16229.50427
"265",320.5,55381204.03,1056.326956,"1",56.92279909,199.9779909,401.9822875,2.5,2.5,205,51,"0","0","0","0","0","0","0","0","0","0","0","0","1","0","0",15749.40395
"266",375,54940487.56,1075.783387,"1",50.71168293,230.4322942,734.981833,4,4,596,150,"0","1","0","0","0","0","1","0","1","1","1","1","1","1","0",15434.70623
"267",365,56109625.02,951.6381398,"1",56.63053228,97.42294491,501.0614657,3.5,3.5,2111,216,"0","1","1","1","0","1","1","0","1","1","1","1","1","1","1",15887.1472
"268",374.5,69401720.74,715.2169121,"1",31.19328614,104.6962549,409.8959516,4,4,3044,231,"0","1","1","1","0","1","1","0","1","1","1","1","1","1","0",16829.43294
"269",342,54883835.77,833.3223357,"1",35.16635826,152.8452221,202.1219111,3.5,3.5,1366,150,"0","1","1","1","0","1","1","0","1","1","1","1","1","1","0",16271.06977
"270",314,54792820.06,934.6131606,"1",27.04565983,415.2012456,537.7146868,3.5,4,1847,160,"1","0","0","0","0","1","0","0","0","0","0","1","1","1","1",15022.12033
"271",322.5,55133512.11,1061.275452,"1",49.69673644,190.4217724,197.4853538,4,4.5,2322,103,"1","1","0","0","0","1","0","0","1","1","0","1","1","1","1",15671.36161
"272",293,54942762.91,1046.20511,"1",77.74022515,195.7584384,613.4558235,3.5,4,2495,100,"0","1","0","1","0","1","0","0","1","0","0","1","1","1","1",15512.42147
"273",299.5,55126082.17,1040.488832,"1",42.44834425,183.8088676,208.3852504,3.5,4.5,1275,97,"0","1","0","0","0","1","0","0","1","1","0","1","1","1","1",15706.74761
"274",308,56069797.32,944.3699583,"1",57.84986176,89.90480186,445.9303115,3,3.5,2266,253,"0","1","1","1","0","1","1","0","1","1","1","1","1","1","1",15879.29449
"275",368.5,47371895.28,817.1636731,"1",54.5248312,84.24982035,654.2632389,3,3.5,103,80,"0","0","1","0","0","0","0","0","1","1","0","0","1","1","1",16575.68629
"276",262.5,54940487.56,1111.369772,"1",36.11884956,272.6414677,857.9453025,3,4,1090,80,"0","1","0","0","1","0","0","0","0","0","0","1","0","1","1",15338.31784
"277",288.5,54940487.56,1034.275945,"1",65.0789465,187.4100663,666.7168634,3,4,627,96,"0","1","0","1","0","1","0","0","1","1","0","1","1","1","1",15498.06002
"278",277.5,55011965.41,1035.449895,"1",85.44308124,173.1059256,521.2478347,3.5,5,21,103,"0","1","0","0","0","0","0","0","0","0","0","0","0","1","1",15568.81722
"279",264.5,55288353.54,1022.049481,"1",39.79802564,167.2210969,284.5498643,4,4,180,36,"0","0","0","0","0","1","0","0","0","0","0","0","1","1","1",15753.1462
"280",256,55299800.88,903.303851,"1",44.02103538,48.71192855,245.5125523,3,3,2309,186,"0","1","1","1","0","1","0","0","1","1","1","1","1","1","1",15872.48633
"281",240,69381307.93,854.327704,"1",35.00617768,246.9088239,515.677111,3,3.5,52,82,"0","0","0","0","0","1","0","0","0","0","0","1","1","0","1",16672.81161
"282",234,55116487.25,764.1062089,"1",43.64699723,59.63753876,365.6124176,3,2,44,50,"0","1","1","0","0","0","0","0","1","0","0","0","0","0","1",16516.73517
"283",238.5,55288353.54,1049.401477,"1",48.15968414,191.7796598,332.9191665,3,4,221,40,"0","0","0","0","1","0","0","0","0","1","0","1","1","1","1",15739.02178
"284",254,56125820.9,772.9728033,"1",36.05387676,125.3849199,400.4657492,3.5,3.5,4093,424,"0","1","1","1","0","1","1","0","1","1","1","1","1","1","0",16120.31392
"285",220,54955789.93,877.1370973,"1",21.60741517,148.924618,699.3141698,2.5,3,211,42,"1","0","0","0","1","0","0","0","0","0","0","1","1","0","1",15384.06196
"286",201.5,69401720.74,796.0688738,"1",31.39282217,185.4257835,432.0568525,3.5,4,421,100,"0","0","0","0","0","0","0","0","0","0","0","1","1","0","1",16757.17705
"287",205,54940487.56,1118.689988,"1",59.54358548,273.020225,714.0088421,2.5,2.5,8,70,"0","0","0","0","0","1","0","0","0","0","0","0","1","0","1",15408.07628
"288",192,55288353.54,1029.720142,"1",48.91243996,171.9450757,323.3743845,3,3,459,54,"0","0","0","0","0","0","0","0","0","0","0","1","1","1","0",15758.90298
"289",205.5,56069797.32,914.767096,"1",57.17325638,58.48173553,344.8259053,2.5,3,1695,145,"0","1","1","0","0","1","0","0","0","1","0","1","1","1","0",15885.51178
"290",184,55116487.25,764.1062089,"1",43.64699723,59.63753876,365.6124176,3,3,231,30,"0","1","1","0","0","0","0","1","0","0","0","0","1","0","1",16516.73517
"291",183.5,55116487.25,764.1062089,"1",43.64699723,59.63753876,365.6124176,3.5,3,1248,130,"0","1","1","0","0","1","0","1","1","1","0","1","0","1","0",16516.73517
"292",84,55155354.39,1110.251499,"1",45.85134471,248.0304992,252.6663019,2,2,158,49,"0","0","0","0","1","0","0","0","0","0","0","1","1","1","1",15630.4624
"293",864.5,65950142.31,570.3454264,"1",26.90672471,101.3139849,570.9370139,5,4.5,1256,150,"1","1","1","1","0","1","1","0","1","1","1","1","1","1","1",17184.26101
"294",596,66322987.88,767.873111,"1",40.49512538,329.1146382,327.9603202,3,4,173,48,"0","0","0","0","0","0","0","1","0","0","0","1","1","1","1",17214.47064
"295",690.5,68959534.82,669.2453804,"1",30.5158162,95.38656226,156.1175212,4.5,3,6,10,"0","0","0","0","0","0","0","0","0","0","0","0","0","0","0",17029.40123
"296",486.5,68959534.82,669.2453804,"1",30.5158162,95.38656226,156.1175212,4,4.5,266,36,"0","1","1","1","0","1","0","0","1","1","0","1","1","0","1",17029.40123
"297",574.5,69400597.93,810.8116854,"1",42.32940965,177.7807268,286.0184524,3,3,138,130,"0","1","1","0","0","0","0","1","0","1","1","0","1","1","1",16836.692
"298",397.5,68959534.82,669.2453804,"1",30.5158162,95.38656226,156.1175212,4,4.5,300,20,"0","0","1","0","0","1","0","0","1","1","0","1","1","1","1",17029.40123
"299",232,69398761.87,706.6536739,"1",42.10739865,80.23952477,292.135055,3,3,1899,100,"0","1","1","0","0","1","0","1","1","1","0","1","1","1","1",16903.48366
"300",225,66443052.71,697.0345683,"1",31.41854455,118.5483305,247.1106178,3.5,3.5,505,84,"0","0","1","0","0","1","0","0","1","1","0","1","1","1","1",17287.64273
"301",222,66327142.59,710.9181888,"1",36.51228808,277.8400174,294.7936637,3,4,235,10,"0","1","1","0","0","0","0","0","0","0","0","0","1","1","1",17278.35861
"302",204.5,66316290.32,536.3073969,"1",43.93172261,102.7655719,303.8283819,3.5,3.5,176,92,"0","1","1","0","0","0","0","0","0","1","0","1","1","1","1",17502.17637
"303",201,66316290.32,649.9699128,"1",42.35301303,212.0882518,382.5626929,3,4.5,795,88,"0","0","0","0","0","1","0","1","0","0","0","1","1","0","1",17415.82447
"304",204,68960107.31,662.8142028,"1",27.9958112,85.33660286,132.7853263,3,3,563,60,"0","0","1","0","0","1","0","0","0","0","0","1","1","0","1",17031.05879
"305",196.5,67888643.92,657.096455,"1",32.89367647,253.4730039,745.1191316,2,3.5,563,53,"0","0","0","0","0","0","0","1","0","0","0","1","1","1","1",17839.18655
"306",226.5,68066159.62,814.0802472,"1",43.15796995,312.4036585,357.6250124,3,3,1,22,"1","0","0","0","0","1","0","0","0","0","0","1","1","0","1",17577.30371
"307",161,66327142.59,533.5180918,"1",38.26329419,103.7004317,272.5911115,2,2,462,87,"0","0","1","0","0","0","0","0","0","1","0","0","1","0","0",17488.40764
"308",163.5,66338893.95,780.4313462,"1",38.29560114,327.5409061,403.9967796,3,4,381,30,"0","0","0","0","0","0","0","0","0","1","0","1","1","0","1",17382.17531
"309",163.5,66316290.32,759.2213493,"1",41.97781249,322.3466871,452.212741,2,4,96,23,"0","0","0","0","0","0","0","1","0","1","0","0","1","0","1",17315.77455
"310",167.5,67228139.69,690.1690746,"1",43.74284969,152.3426317,262.9613291,3,3.5,1083,101,"0","0","0","0","0","0","0","0","0","0","0","1","0","1","1",17004.37675
"311",144.5,66398336.23,1150.842133,"1",32.22811285,658.5261101,670.6363614,3,3,18,14,"0","0","0","0","0","0","0","0","0","0","0","0","0","0","0",16813.08012
"312",167,66334307.12,728.1243417,"1",39.53327141,268.4887941,393.5925628,3,3.5,232,11,"0","0","0","0","0","0","0","0","0","0","0","0","1","0","1",17417.53762
"313",113.5,69401720.74,791.7059959,"1",37.4191641,174.8611979,364.4922276,2,3,283,50,"0","0","0","0","0","0","0","1","0","0","0","0","1","0","1",16797.88107
"314",75,66327142.59,533.0457811,"1",34.50430621,104.3765071,262.2878774,2,2,156,30,"0","0","1","0","1","1","0","0","0","0","0","1","1","1","1",17483.8297
"315",887,59150128.95,219.9116857,"1",52.58332877,83.66909274,1370.196617,5,4.5,1878,192,"0","1","1","1","0","1","1","0","1","1","1","1","1","1","0",6976.444632
"316",640.5,59987568.12,175.3915444,"1",35.37526217,59.00665921,743.3009129,3.5,4,489,450,"0","1","1","1","0","1","1","0","1","1","1","1","1","1","0",7539.416701
"317",514,59886018.15,209.2270151,"1",39.29932811,78.13702176,493.9597921,4.5,4.5,695,298,"0","1","1","1","0","1","1","0","1","1","1","1","1","1","1",7748.347169
"318",463.5,59886018.15,204.8358917,"1",39.63688787,70.0860766,416.1614354,4.5,4.5,2449,104,"0","1","1","1","0","1","1","0","1","1","1","1","1","1","1",7819.373508
"319",441,59065514.82,199.441272,"1",34.05906205,78.97333677,922.9960706,4,4.5,311,433,"0","1","1","1","0","1","1","0","1","1","1","1","1","1","0",7375.127193
"320",457,59150128.95,327.8394959,"1",41.8813282,188.2430436,1277.087756,4,4.5,1130,18,"0","1","0","0","0","1","0","1","0","1","0","1","1","1","1",7015.794366
"321",409,60093225.33,234.9005086,"1",36.16829832,113.3009903,664.8763346,4,4.5,6032,374,"0","1","1","1","0","1","1","0","1","1","1","1","1","1","0",7586.597365
"322",317,58057168.03,723.7456194,"1",36.82660026,582.8133429,680.2316889,3,5,229,13,"0","0","0","0","0","1","0","1","0","1","0","1","1","0","1",7649.488092
"323",325.5,56583250.83,268.5739755,"1",51.49110173,79.94901511,271.7935063,4,4,3376,240,"0","1","1","1","0","1","1","0","1","1","1","1","1","1","1",8400.651971
"324",273,59015016.63,399.3748679,"1",26.37553073,284.1917904,888.2655582,2.5,4.5,92,10,"0","0","0","0","0","0","0","1","0","1","0","0","1","0","1",7340.482143
"325",307,56560940.22,406.3296565,"1",51.6560708,213.1479424,277.6038866,3,3.5,627,210,"0","1","0","1","0","1","0","1","1","1","0","0","1","1","1",8254.707018
"326",256,60077413.18,362.7254491,"1",37.13597126,235.7686957,640.5206287,3,4,108,14,"0","0","1","0","1","0","0","0","1","1","0","0","1","0","1",7579.162056
"327",241.5,58834071.37,224.7472673,"1",37.0282454,81.61791669,365.3983142,3,3.5,858,99,"0","1","1","0","0","0","0","1","0","1","0","1","0","1","0",7861.173338
"328",280.5,59964518.78,258.94008,"1",27.39905029,143.7816837,857.4029666,3,4.5,150,24,"0","0","1","0","0","0","0","1","0","0","0","1","1","1","1",7406.693084
"329",283.5,59886018.15,436.8791074,"1",39.51512577,307.2287099,607.0432669,3,4.5,932,17,"0","0","0","0","1","0","0","1","1","1","0","0","1","0","1",7609.245324
"330",219.5,59150128.95,178.1274584,"1",41.4575085,53.60153966,1108.712725,2,4.5,808,19,"0","0","1","0","0","0","0","1","0","0","0","0","1","1","1",7225.16891
"331",219.5,59719658.8,328.8460642,"1",27.25857379,213.7399493,875.4333089,3,4,326,35,"0","0","0","0","0","0","0","1","0","0","0","1","1","0","1",7368.663885
"332",225.5,59150128.95,287.6157365,"1",42.96953658,159.9903291,1136.613494,2.5,4,300,25,"0","0","0","0","0","0","0","1","0","0","0","1","1","0","1",7153.854988
"333",219,59886018.15,319.758553,"1",39.06719991,188.0962593,518.9739247,3,4,80,15,"0","1","0","0","0","0","1","0","0","0","1","1","1","1","1",7699.749073
"334",203,58834071.37,621.5038225,"1",38.24233198,488.9662788,678.2632866,2.5,4,218,15,"0","0","0","0","0","0","0","0","0","0","0","0","0","0","1",7576.467399
"335",211.5,60077413.18,303.6354349,"1",37.42381705,176.5820807,596.9921652,3,4.5,1095,39,"0","0","0","0","0","0","0","0","0","0","0","1","0","1","1",7629.558695
"336",193,56561035.96,455.1610974,"1",40.88228232,308.8199791,360.6469653,2.5,4,756,64,"0","0","0","0","0","0","0","0","0","0","0","1","0","1","1",7920.732822
"337",218,58834071.37,385.8146401,"1",39.04982546,244.7027922,381.5810445,3,4.5,119,15,"0","0","0","0","0","0","0","1","0","0","0","1","1","1","1",7845.140758
"338",190.5,59886018.15,524.4878711,"1",37.9872936,396.5023871,687.088461,2,4,268,32,"0","0","0","0","0","0","0","0","0","1","0","1","0","0","1",7534.833384
"339",215,59886018.15,428.5468271,"1",39.16901914,298.0399241,583.0846129,3,4.5,439,21,"0","0","0","0","1","0","0","1","1","1","0","1","0","0","1",7633.398645
"340",201,59150122.63,254.2040121,"1",39.89965834,130.1199527,1074.682647,2.5,3.5,458,24,"0","0","0","0","0","0","0","1","0","0","0","1","0","0","1",7222.152819
"341",184.5,59987568.12,504.6060853,"1",36.75278014,383.6261925,752.8214713,2.5,3.5,47,37,"0","0","0","0","0","0","0","0","1","1","0","0","1","1","1",7463.599284
"342",183.5,58868468.91,358.6184432,"1",40.32257872,216.2665134,344.7819867,3.5,4.5,788,66,"0","1","0","0","0","0","0","0","1","0","0","1","1","0","1",7879.443932
"343",168,59015016.63,428.7686557,"1",27.15482754,313.7176405,909.9556473,2.5,5,313,16,"0","0","0","0","0","0","0","0","0","0","0","1","1","1","1",7315.156291
"344",171,59953586.48,636.4878789,"1",36.3804425,514.7666529,815.5480868,2,4,91,11,"0","0","0","0","0","0","0","0","0","0","0","0","1","0","1",7417.152467
"345",167,59886018.15,552.8819096,"1",38.56960565,419.2781021,618.7245472,2.5,3.5,368,36,"0","0","0","0","0","0","0","0","0","1","0","1","1","0","1",7620.676523
"346",158,58834071.37,442.2516449,"1",37.37334743,301.5344961,471.0575698,2,4.5,363,26,"0","0","0","0","0","0","0","1","0","1","0","0","1","0","1",7757.468404
"347",153.5,58834071.37,384.2642632,"1",37.21715944,242.0766496,422.7879902,2,3.5,369,33,"0","0","0","0","0","0","0","0","0","0","0","0","0","0","1",7797.40483
"348",134,59969398.64,540.6822679,"1",36.68928553,422.6092267,793.7433035,2,4.5,387,15,"0","0","0","0","0","0","0","0","0","0","0","0","1","0","1",7424.131972
"349",109,56561035.96,583.327024,"1",41.80203166,438.357986,485.5181953,2,4.5,431,16,"0","0","0","0","0","0","0","0","0","0","0","0","0","0","1",7847.689863
"350",127.5,58834071.37,445.8703427,"1",38.40639172,310.7214353,510.3684777,2,4.5,205,20,"0","0","0","0","0","0","0","1","0","1","0","1","1","1","1",7714.160975
"351",112,58834071.37,214.5243369,"1",36.45622547,73.2158053,330.69068,2,2.5,22,40,"1","0","1","0","1","0","0","1","0","0","0","0","0","1","1",7894.715281
"352",403,60091738.69,185.7831148,"1",42.71487239,31.80988264,1500.753083,4,4.5,4547,159,"1","1","1","1","0","1","1","0","1","1","1","1","1","1","0",10162.3539
"353",286,60096715.02,185.9670701,"1",44.5182343,24.4254192,1591.168753,3,4.5,719,25,"0","1","1","0","0","1","0","1","0","1","0","1","1","1","1",10250.77276
"354",144.5,60089804.86,370.0943006,"1",50.28212469,183.5394581,1879.417039,2,2.5,118,54,"0","0","0","0","0","0","0","1","0","0","0","0","1","0","1",10469.89691
"355",263,58487971.45,222.1163241,"1",41.41683471,71.71655591,1188.151682,4,3.5,1645,225,"0","1","1","1","0","1","1","0","1","0","1","1","1","1","1",12760.07383
"356",230.5,58484680.27,224.4460689,"1",46.69538633,58.6567591,1242.59909,3,4,2481,88,"1","1","1","0","0","1","0","0","0","1","1","1","0","1","1",12708.77965
"357",217,58489492.81,383.3919601,"1",37.84776468,230.1233649,1085.61271,2,2.5,5,2,"0","0","1","0","0","0","0","1","0","1","0","0","1","0","1",12842.06061
"358",190.5,58561028.87,326.6089124,"1",40.46246278,187.6951171,877.6810197,3,2.5,386,67,"0","1","0","0","0","0","0","1","0","0","0","1","1","1","1",13049.65438
"359",180.5,58484676.52,434.4031349,"1",48.10721062,262.3254178,1307.401594,3,4,274,50,"0","0","0","0","0","1","0","0","0","0","0","0","1","1","1",12620.52701
"360",182.5,58484680.27,392.7353435,"1",43.51450664,240.9879114,1210.551548,3,4,142,84,"0","0","0","1","0","1","0","0","0","0","0","0","1","1","1",12717.6373
"361",188.5,58565992.17,422.371534,"1",51.09838586,261.4999075,1729.347963,3.5,4,916,152,"0","1","0","0","0","0","0","0","0","0","0","1","1","1","1",12203.28529
"362",177,58565992.17,438.4122479,"1",55.34051789,265.748989,1830.586701,3.5,4,586,34,"0","0","0","0","0","0","0","0","0","0","0","1","1","1","1",12103.28776
"363",157.5,58484676.52,435.9985132,"1",49.65754862,268.8190897,1376.747894,2.5,2.5,536,49,"0","0","0","0","1","0","0","0","0","1","0","1","1","1","1",12551.33866
"364",134,58489492.81,387.6675649,"1",34.67476043,238.9928528,1109.841299,2.5,3,77,45,"0","0","0","0","0","1","0","1","0","0","0","0","1","1","1",12817.7845
"365",104,59877508.59,390.4389206,"1",35.49429747,222.5569245,2659.335883,2,4.5,137,11,"0","0","1","0","0","0","0","1","0","1","0","0","1","0","1",11218.82995
"366",328,57019648.59,301.1157016,"1",149.8884317,62.97239459,2227.426472,4,4.5,460,481,"0","1","1","0","0","1","1","0","1","1","1","1","1","1","1",5607.571976
"367",353,59150128.95,262.3518453,"1",45.79846399,124.4430267,1476.264721,3.5,4,1783,206,"0","1","0","1","0","1","0","0","1","1","1","1","1","1","1",6866.241459
"368",254.5,57917638.1,322.059503,"1",121.8990628,81.43784942,2570.512688,3.5,3.5,4540,296,"0","1","1","0","0","1","1","0","1","1","1","1","1","1","0",5872.658656
"369",233,57019648.59,351.8256905,"1",171.1387324,91.52053684,2232.115322,2.5,4,1830,101,"0","1","1","1","1","0","0","0","1","1","1","1","0","1","1",5580.940623
"370",230.5,57006013.15,473.0220553,"1",207.0936264,173.9790531,2310.638445,2,4,38,38,"0","0","0","0","0","0","0","1","0","0","0","0","1","1","1",5571.05076
"371",211.5,57019648.59,453.5930663,"1",194.8343855,168.6133762,2244.973482,2.5,4,78,23,"0","0","0","0","0","0","0","1","0","0","0","0","1","0","1",5528.717629
"372",105,56921608.29,342.2825032,"1",145.7477217,86.44238564,2445.864668,2,2.5,312,70,"0","1","1","0","0","0","0","0","0","0","0","1","0","0","1",5762.160383
